-- =============================================
-- Projeto: Análise de Vendas
-- Autor: Arthur
-- Banco: Microsoft SQL Server
-- =============================================
-- Inserindo dados nas tabelas


INSERT INTO dClientes(id_cliente, nome, cidade, estado)
  VALUES
    (1,'Ana Silva','São Paulo','SP'),
    (2,'Carlos Souza','Rio de Janeiro','RJ'),
    (3,'Mariana Lima','Belo Horizonte','MG'),
    (4,'João Pereira','Curitiba','PR'),
    (5,'Lucas Santos','São Paulo','SP')

INSERT INTO dProdutos(id_produto, nome_produto, categoria, preco)
  VALUES
    (1,'Apartamento 2Q','Econômico',180000),
    (2,'Apartamento 3Q','Econômico',220000),
    (3,'Apartamento 2Q com varanda','Econômico',200000)

INSERT INTO fVendas (id_venda,id_cliente,id_produto,data_venda,quantidade) 
  VALUES
    (1,1,1,'2024-01-03',1),
    (2,2,2,'2024-01-05',1),
    (3,3,3,'2024-01-10',1),
    (4,4,1,'2024-01-12',1),
    (5,5,2,'2024-01-15',1),
    (6,2,3,'2024-01-18',1),
    (7,3,1,'2024-01-22',1),
    (8,1,2,'2024-02-02',1),
    (9,4,3,'2024-02-05',1),
    (10,5,1,'2024-02-09',1),
    (11,2,2,'2024-02-14',1),
    (12,3,3,'2024-02-18',1),
    (13,1,1,'2024-02-22',1),
    (14,4,2,'2024-02-25',1),
    (15,5,3,'2024-03-01',1),
    (16,2,1,'2024-03-04',1),
    (17,3,2,'2024-03-07',1),
    (18,1,3,'2024-03-10',1),
    (19,4,1,'2024-03-12',1),
    (20,5,2,'2024-03-15',1),
    (21,1,1,'2024-03-20',1),
    (22,2,3,'2024-03-23',1),
    (23,3,1,'2024-03-27',1),
    (24,4,2,'2024-04-02',1),
    (25,5,3,'2024-04-05',1),
    (26,1,2,'2024-04-08',1),
    (27,2,1,'2024-04-10',1),
    (28,3,3,'2024-04-13',1),
    (29,4,1,'2024-04-16',1),
    (30,5,2,'2024-04-18',1),
    (31,1,3,'2024-04-22',1),
    (32,2,2,'2024-04-25',1),
    (33,3,1,'2024-05-01',1),
    (34,4,3,'2024-05-04',1),
    (35,5,1,'2024-05-07',1),
    (36,1,2,'2024-05-10',1),
    (37,2,3,'2024-05-12',1),
    (38,3,1,'2024-05-15',1),
    (39,4,2,'2024-05-18',1),
    (40,5,3,'2024-05-21',1),
    (41,1,1,'2024-05-25',1),
    (42,2,2,'2024-05-27',1),
    (43,3,3,'2024-06-02',1),
    (44,4,1,'2024-06-05',1),
    (45,5,2,'2024-06-08',1),
    (46,1,3,'2024-06-10',1),
    (47,2,1,'2024-06-13',1),
    (48,3,2,'2024-06-16',1),
    (49,4,3,'2024-06-20',1),
    (50,5,1,'2024-06-25',1);
